{"cameraMode":{"drawMode":0,"name":"Shaded","section":"Shading Mode"},"sceneLighting":true,"audioPlay":false,"sceneViewState":{"showFog":true,"showMaterialUpdate":false,"showSkybox":true,"showFlares":true,"showImageEffects":true,"showParticleSystems":true},"in2DMode":false,"pivot":{"x":-0.7093859314918518,"y":-1.8763399124145508,"z":0.07483931630849838},"rotation":{"x":0.006675098091363907,"y":0.9412963390350342,"z":-0.33701103925704958,"w":0.018639950081706048},"size":7.640444278717041,"orthographic":false}