{"cameraMode":{"drawMode":0,"name":"Shaded","section":"Shading Mode"},"sceneLighting":true,"audioPlay":false,"sceneViewState":{"showFog":true,"showMaterialUpdate":false,"showSkybox":true,"showFlares":true,"showImageEffects":true,"showParticleSystems":true},"in2DMode":false,"pivot":{"x":4.6015849113464359,"y":0.4022444784641266,"z":-2.6246557235717775},"rotation":{"x":-0.015311879105865956,"y":0.9177051782608032,"z":-0.395387202501297,"w":-0.03553134202957153},"size":13.950328826904297,"orthographic":false}