{"cameraMode":{"drawMode":0,"name":"Shaded","section":"Shading Mode"},"sceneLighting":true,"audioPlay":false,"sceneViewState":{"showFog":true,"showMaterialUpdate":false,"showSkybox":true,"showFlares":true,"showImageEffects":true,"showParticleSystems":true},"in2DMode":false,"pivot":{"x":0.4049118161201477,"y":-1.8762223720550538,"z":0.11887957155704498},"rotation":{"x":-0.015311879105865956,"y":0.9177051782608032,"z":-0.395387202501297,"w":-0.03553134202957153},"size":13.950328826904297,"orthographic":false}