{"cameraMode":{"drawMode":0,"name":"Shaded","section":"Shading Mode"},"sceneLighting":false,"audioPlay":false,"sceneViewState":{"showFog":true,"showMaterialUpdate":false,"showSkybox":false,"showFlares":true,"showImageEffects":true,"showParticleSystems":true},"in2DMode":false,"pivot":{"x":6.8336687088012699,"y":0.8127374053001404,"z":0.9563615322113037},"rotation":{"x":0.02876715548336506,"y":0.9625339508056641,"z":-0.11313319206237793,"w":0.2447502166032791},"size":0.6887981295585632,"orthographic":false}